aircraft_group,aircraft_type,aircraft_config,seats,payload,flight_id
6,694,1,150,37400,0
6,698,1,119,37822,1
6,698,1,119,37822,2
6,646,1,8,5300,3
6,675,1,50,10841,4
6,675,1,100,23500,5
6,675,1,50,10841,6
6,675,1,50,12659,7
6,675,1,50,10808,8
6,675,1,50,12659,9
6,635,2,0,21458,10
6,635,2,0,21458,11
6,622,1,215,95000,12
6,622,1,215,95000,13
6,684,1,8,2000,14
6,684,1,16,4000,15
6,684,1,16,4000,16
6,684,1,8,2000,17
6,699,1,187,51700,18
6,699,1,187,51700,19
6,622,1,199,49760,20
6,698,1,132,34446,21
6,699,1,192,50700,22
6,622,1,199,49760,23
6,694,1,160,38879,24
6,608,1,110,29900,25
6,698,1,132,34446,26
6,699,1,192,50700,27
6,622,1,72,49760,28
6,622,1,72,49760,29
6,655,1,149,32870,30
6,656,1,158,38470,31
6,656,1,158,38170,32
6,656,1,158,38170,33
6,622,1,72,49760,34
6,655,1,149,32870,35
6,622,1,199,49760,36
6,656,1,158,38170,37
6,622,1,144,99520,38
6,622,1,72,49760,39
6,614,1,173,42500,40
6,614,1,173,42500,41
6,614,1,173,42500,42
6,698,1,128,34279,43
6,614,1,166,41006,44
6,614,1,166,38700,45
6,698,1,128,34771,46
6,634,1,179,35906,47
6,614,1,166,36926,48
6,634,1,179,40581,49
8,887,1,219,54393,50
6,612,1,286,69200,51
6,612,1,286,69200,52
6,614,1,175,43400,53
6,612,1,143,34600,54
6,612,1,143,34600,55
6,614,1,175,43400,56
6,614,1,175,43400,57
6,612,1,143,34600,58
6,612,1,143,34600,59
6,612,1,143,34600,60
6,614,1,175,43400,61
6,612,1,143,34600,62
6,614,1,175,43400,63
5,515,1,8,1600,64
5,515,1,8,1600,65
6,688,1,12,2400,66
5,515,1,8,1600,67
6,688,1,12,2400,68
5,515,1,8,1600,69
6,625,1,218,68370,70
6,617,1,358,151660,71
6,617,1,179,75830,72
6,617,1,179,75830,73
6,617,1,179,75830,74
6,617,1,537,227490,75
6,617,1,179,75830,76
6,617,1,179,75830,77
6,617,1,179,75830,78
6,617,1,179,75830,79
6,635,2,0,23000,80
6,635,2,0,23000,81
6,669,1,16,12343,82
6,669,1,16,12343,83
6,614,1,324,82501,84
6,614,1,162,43411,85
6,614,1,162,43116,86
6,614,1,162,43116,87
6,614,1,162,43411,88
6,614,1,162,43411,89
6,614,1,162,43116,90
6,614,1,162,42116,91
6,681,2,0,5600,92
6,681,2,0,5600,93
6,617,2,0,1668260,94
6,617,2,0,1668260,95
6,634,1,178,41080,96
6,634,1,178,41080,97
6,675,1,50,11118,98
6,675,1,50,11118,99
4,456,1,30,7600,100
4,456,1,1320,334400,101
4,456,1,570,144400,102
4,456,1,1350,342000,103
4,456,1,690,174800,104
4,456,1,90,22800,105
4,456,1,1680,425600,106
4,456,1,1440,364800,107
4,456,1,570,144400,108
4,456,1,1680,425600,109
4,456,1,1440,364800,110
4,456,1,30,7600,111
4,456,1,630,159600,112
4,405,1,19,4500,113
4,405,1,19,4500,114
4,479,1,8,1600,115
6,675,1,50,10808,116
6,675,1,50,10841,117
6,675,1,50,10808,118
6,675,1,150,34308,119
6,698,1,156,101000,120
6,698,1,156,101000,121
6,614,1,160,40400,122
6,614,1,160,39900,123
6,655,1,140,39400,124
6,699,1,181,50200,125
6,699,1,181,48100,126
6,614,1,160,39900,127
6,699,1,181,50200,128
6,614,1,160,40400,129
6,614,1,160,40400,130
6,699,1,187,51700,131
6,614,1,160,39900,132
6,608,1,110,29900,133
6,608,1,110,29900,134
6,694,1,320,77758,135
6,614,1,160,40870,136
6,614,1,160,41370,137
6,608,1,110,29900,138
6,694,1,160,38879,139
6,631,1,70,17610,140
6,631,1,70,17610,141
6,629,1,50,13500,142
6,629,1,50,13500,143
6,629,1,50,13500,144
6,629,1,50,13500,145
6,629,1,50,13500,146
6,673,1,76,15200,147
6,631,1,70,18740,148
6,631,1,70,18740,149
6,673,1,76,15200,150
6,673,1,76,15200,151
6,629,1,50,13500,152
6,629,1,50,13500,153
6,631,1,70,18740,154
6,673,1,76,15200,155
6,673,1,76,15200,156
6,631,1,70,18740,157
6,631,1,70,18740,158
6,631,1,70,18740,159
6,631,1,70,18740,160
6,673,1,76,15200,161
6,629,1,50,13500,162
6,673,1,76,15200,163
6,629,1,50,13500,164
6,629,1,50,13500,165
6,631,1,70,18740,166
6,631,1,70,18740,167
6,673,1,76,15200,168
6,673,1,76,15200,169
6,631,1,70,18740,170
6,629,1,50,13500,171
6,631,1,70,18740,172
6,673,1,76,15200,173
6,631,1,70,18740,174
6,673,1,76,15200,175
6,631,1,70,18740,176
6,629,1,50,13500,177
6,673,1,76,15200,178
6,673,1,76,15200,179
6,629,1,50,13500,180
6,631,1,70,18740,181
6,673,1,76,15200,182
6,629,1,50,13500,183
6,631,1,70,18740,184
6,631,1,70,18740,185
6,694,1,150,32640,186
6,614,1,166,41971,187
6,698,1,128,31999,188
6,694,1,150,36804,189
6,694,1,150,36640,190
6,634,1,179,48470,191
6,694,1,150,35090,192
6,694,1,150,36804,193
6,694,1,150,36867,194
6,698,1,128,36158,195
6,698,1,128,32862,196
6,624,1,242,100549,197
6,626,1,214,82777,198
6,698,1,128,35433,199
6,614,1,166,42241,200
6,698,1,128,35372,201
6,698,1,128,35936,202
6,694,1,150,36733,203
6,614,1,166,34143,204
6,694,1,150,36072,205
6,614,1,166,42690,206
6,698,1,128,35554,207
6,614,1,166,41831,208
6,698,1,128,35832,209
6,614,1,166,41556,210
6,624,1,242,98334,211
6,622,1,169,48320,212
6,626,1,214,82502,213
6,614,1,166,43141,214
6,622,1,169,48843,215
6,614,1,166,41843,216
6,634,1,179,46360,217
6,694,1,150,34772,218
6,614,1,166,38790,219
6,694,1,150,36768,220
6,694,1,150,35694,221
6,622,1,169,48920,222
6,637,1,732,290384,223
6,614,1,166,37980,224
6,614,1,166,36271,225
6,698,1,128,28852,226
6,614,1,166,28356,227
6,619,1,143,32200,228
6,619,1,143,32200,229
6,619,1,143,32200,230
6,619,1,143,32200,231
6,619,1,143,32200,232
6,619,1,143,32200,233
6,619,1,143,32200,234
6,619,1,143,32200,235
6,619,1,143,32200,236
6,619,1,143,32200,237
6,614,1,175,43400,238
6,619,1,143,32200,239
6,619,1,143,32200,240
6,619,1,143,32200,241
6,614,1,175,43400,242
6,619,1,143,32200,243
6,619,1,143,32200,244
6,614,1,175,43400,245
6,619,1,143,32200,246
6,673,1,76,21803,247
6,673,1,76,21803,248
6,673,1,76,21803,249
6,673,1,76,21803,250
6,677,1,70,19092,251
6,677,1,70,19092,252
6,673,1,76,21803,253
6,673,1,76,21803,254
6,677,1,70,19092,255
6,673,1,76,21803,256
6,673,1,76,21803,257
6,698,1,150,30000,258
6,698,1,150,30000,259
6,698,1,150,30000,260
6,694,1,180,36000,261
6,698,1,150,30000,262
6,694,1,180,37200,263
6,698,1,150,30000,264
6,694,1,180,36000,265
6,694,1,180,37200,266
6,698,1,150,30000,267
6,694,1,180,37200,268
6,694,1,180,36000,269
6,694,1,180,36000,270
6,698,1,150,30000,271
6,694,1,180,37200,272
6,694,1,180,36000,273
6,698,1,150,30000,274
6,694,1,180,36000,275
6,694,1,180,36000,276
6,694,1,180,37200,277
6,694,1,180,36000,278
6,694,1,180,36000,279
6,694,1,180,37200,280
6,694,1,180,36000,281
6,691,2,0,107634,282
7,730,2,0,136966,283
6,691,2,0,104189,284
6,691,2,0,104402,285
6,691,2,0,107840,286
6,691,2,0,104608,287
6,691,2,0,107931,288
7,730,2,0,136966,289
7,740,2,0,193214,290
6,691,2,0,107931,291
7,740,2,0,193732,292
6,698,1,145,29000,293
6,698,1,145,29000,294
6,638,1,79,20210,295
6,675,1,50,11118,296
6,675,1,50,11118,297
6,675,1,50,11118,298
6,675,1,50,12350,299
6,675,1,50,12350,300
4,405,1,114,27000,301
4,405,1,114,27000,302
6,675,1,50,10000,303
6,675,1,50,10000,304
6,675,1,50,10000,305
6,675,1,50,10000,306
6,622,2,0,79755,307
6,691,2,0,108025,308
6,622,2,0,79755,309
6,622,2,0,79755,310
6,691,2,0,108025,311
6,694,1,300,79000,312
6,699,1,362,98300,313
6,694,1,300,79000,314
6,698,1,264,68892,315
8,888,1,360,98180,316
6,614,1,320,81740,317
6,631,1,140,35220,318
6,631,1,140,35220,319
6,631,1,140,37480,320
6,631,1,140,37480,321
6,673,1,152,30400,322
6,673,1,152,30400,323
6,673,1,152,30400,324
6,673,1,152,30400,325
6,629,1,50,13500,326
6,631,1,139,36480,327
6,673,1,152,30400,328
6,631,1,140,37480,329
6,673,1,152,30400,330
6,631,1,140,37480,331
6,673,1,152,30400,332
6,631,1,140,37480,333
6,694,1,300,72337,334
6,694,1,300,72444,335
6,614,1,332,77848,336
6,694,1,300,70337,337
6,698,1,256,66423,338
6,614,1,332,85088,339
6,694,1,300,73424,340
6,614,1,332,84704,341
6,614,1,332,82724,342
6,694,1,300,73244,343
6,698,1,256,71109,344
6,694,1,300,73314,345
6,614,1,332,83719,346
6,698,1,256,70764,347
6,694,1,300,73634,348
6,694,1,300,73000,349
6,614,1,332,78004,350
6,698,1,256,58924,351
6,698,1,256,69419,352
6,694,1,300,59414,353
6,619,1,286,64400,354
6,614,1,350,86800,355
6,619,1,286,64400,356
6,619,1,286,64400,357
6,619,1,286,64400,358
6,619,1,286,64400,359
6,619,1,286,64400,360
6,619,1,286,64400,361
6,619,1,286,64400,362
6,619,1,286,64400,363
6,619,1,286,64400,364
6,619,1,286,64400,365
6,619,1,286,64400,366
6,673,1,152,43606,367
6,673,1,152,43606,368
6,673,1,152,43606,369
6,677,1,140,38184,370
6,673,1,152,43606,371
6,677,1,140,38184,372
6,698,1,300,60000,373
6,694,1,360,72000,374
6,694,1,360,73200,375
6,694,1,360,73200,376
6,698,1,300,60000,377
6,694,1,360,73200,378
6,694,1,360,73200,379
6,622,2,0,126608,380
6,691,2,0,213861,381
6,638,1,152,43004,382
6,638,1,152,43004,383
6,622,2,0,159510,384
6,614,1,480,120700,385
6,631,1,210,52830,386
6,631,1,210,52830,387
6,631,1,210,52830,388
6,631,1,210,52830,389
6,631,1,210,52830,390
6,631,1,210,52830,391
6,631,1,210,56220,392
6,629,1,150,40500,393
6,631,1,210,56220,394
6,629,1,150,40500,395
6,631,1,210,56220,396
6,673,1,228,45600,397
6,673,1,228,45600,398
6,631,1,210,54980,399
6,629,1,150,40500,400
6,629,1,150,40500,401
6,629,1,150,40500,402
6,631,1,210,54980,403
6,629,1,150,40500,404
6,631,1,210,56220,405
6,631,1,210,56220,406
6,631,1,210,56220,407
6,629,1,150,40500,408
6,631,1,209,55220,409
6,629,1,150,40500,410
6,629,1,150,40500,411
6,629,1,150,40500,412
6,631,1,210,54980,413
6,631,1,210,56220,414
6,614,1,486,122849,415
6,698,1,384,107090,416
6,614,1,486,116827,417
6,698,1,384,106955,418
6,698,1,384,101729,419
6,634,1,537,136854,420
6,694,1,450,98048,421
6,614,1,498,125837,422
6,698,1,384,107620,423
6,694,1,450,104148,424
6,614,1,498,118898,425
6,619,1,429,96600,426
6,614,1,525,130200,427
6,619,1,429,96600,428
6,612,1,429,103800,429
6,614,1,525,130200,430
6,619,1,429,96600,431
6,619,1,429,96600,432
6,619,1,429,96600,433
6,614,1,350,86800,434
6,619,1,429,96600,435
6,619,1,429,96600,436
6,619,1,429,96600,437
6,612,1,429,103800,438
6,614,1,525,130200,439
6,619,1,429,96600,440
6,619,1,429,96600,441
6,619,1,429,96600,442
6,619,1,429,96600,443
6,619,1,423,96600,444
6,619,1,429,96600,445
6,619,1,429,96600,446
6,619,1,429,96600,447
6,619,1,429,96600,448
6,614,1,525,130200,449
6,673,1,228,65409,450
6,673,1,228,65409,451
6,677,1,210,57276,452
6,673,1,228,65409,453
6,673,1,228,65409,454
6,677,1,210,57276,455
6,677,1,210,57276,456
6,673,1,228,65409,457
6,677,1,210,57276,458
6,677,1,210,57276,459
6,673,1,228,65409,460
6,673,1,228,65409,461
6,677,1,210,57276,462
6,677,1,210,57276,463
6,677,1,210,57276,464
6,677,1,210,57276,465
6,677,1,210,57276,466
6,698,1,450,90000,467
6,698,1,450,90000,468
6,699,1,690,138000,469
6,699,1,690,138000,470
6,694,1,540,109200,471
6,675,1,150,33354,472
6,675,1,150,33354,473
6,675,1,150,33354,474
6,675,1,150,33354,475
6,675,1,150,33354,476
6,675,1,150,33354,477
6,675,1,150,33354,478
6,675,1,150,33354,479
6,675,1,150,30000,480
6,622,2,0,239265,481
6,673,1,304,79544,482
6,673,1,304,79544,483
6,655,1,560,146200,484
6,655,1,560,146200,485
6,631,1,280,70440,486
6,631,1,280,70440,487
6,631,1,280,70440,488
6,631,1,280,70440,489
6,629,1,200,54000,490
6,673,1,304,60800,491
6,673,1,304,60800,492
6,631,1,280,74960,493
6,631,1,280,74960,494
6,629,1,200,54000,495
6,631,1,280,74960,496
6,629,1,200,54000,497
6,673,1,304,60800,498
6,673,1,304,60800,499
6,629,1,200,47000,500
6,631,1,280,74960,501
6,698,1,512,142952,502
6,634,1,704,164811,503
6,694,1,600,125284,504
6,614,1,664,155101,505
6,694,1,600,136041,506
6,698,1,512,143189,507
6,694,1,600,137929,508
6,634,1,704,185611,509
6,614,1,652,156705,510
6,614,1,664,165940,511
6,694,1,600,144521,512
6,614,1,652,156861,513
6,694,1,600,140058,514
6,622,1,676,189366,515
6,614,1,830,201956,516
6,698,1,512,137741,517
6,614,1,664,159711,518
6,698,1,512,144162,519
6,634,1,716,154589,520
6,637,1,1464,561174,521
6,634,1,716,175495,522
6,694,1,600,144598,523
6,622,1,676,183058,524
6,614,1,664,154028,525
6,634,1,716,164356,526
6,614,1,700,173600,527
6,614,1,700,173600,528
6,619,1,566,128800,529
6,614,1,700,173600,530
6,619,1,572,128800,531
6,619,1,572,128800,532
6,614,1,700,173600,533
6,619,1,572,128800,534
6,619,1,572,128800,535
6,612,1,572,138400,536
6,614,1,700,173600,537
6,619,1,572,128800,538
6,619,1,572,128800,539
6,673,1,304,87212,540
6,677,1,280,76368,541
6,677,1,280,76368,542
6,673,1,304,87212,543
6,694,1,720,145200,544
6,698,1,600,120000,545
6,694,1,720,145200,546
6,698,1,600,120000,547
6,614,1,648,170239,548
6,675,1,200,44472,549
6,675,1,200,44472,550
6,631,1,193,50400,551
6,631,1,258,67200,552
6,691,2,0,432100,553
6,691,2,0,424400,554
6,626,2,0,470180,555
6,626,2,0,470180,556
6,631,1,350,88050,557
6,631,1,350,88050,558
6,631,1,350,88050,559
6,629,1,250,64000,560
6,673,1,380,76000,561
6,629,1,250,64000,562
6,673,1,380,76000,563
6,631,1,350,93700,564
6,631,1,350,93700,565
6,673,1,380,76000,566
6,629,1,250,67500,567
6,631,1,350,93700,568
6,631,1,350,93700,569
6,629,1,200,47000,570
6,629,1,250,67500,571
6,631,1,350,93700,572
6,631,1,350,93700,573
6,673,1,380,76000,574
6,629,1,200,54000,575
6,631,1,279,73960,576
6,694,1,750,178092,577
6,634,1,895,219754,578
6,698,1,640,164357,579
6,694,1,750,173288,580
6,634,1,895,219154,581
6,698,1,640,179325,582
6,627,1,1820,494650,583
6,698,1,640,179937,584
6,694,1,750,155745,585
6,694,1,750,183219,586
6,694,1,900,214834,587
6,694,1,750,182492,588
6,698,1,640,179711,589
6,614,1,830,199330,590
6,698,1,640,173090,591
6,634,1,895,237436,592
6,634,1,895,243490,593
6,694,1,750,175729,594
6,614,1,830,208982,595
6,698,1,640,165519,596
6,698,1,640,170187,597
6,698,1,640,170921,598
6,619,1,715,161000,599
6,612,1,715,173000,600
6,619,1,715,161000,601
6,619,1,715,161000,602
6,619,1,715,161000,603
6,612,1,715,173000,604
6,614,1,875,217000,605
6,614,1,875,217000,606
6,619,1,715,161000,607
6,677,1,350,95460,608
6,699,1,1150,230000,609
6,699,1,1150,230000,610
6,614,1,810,213845,611
6,675,1,250,55590,612
4,405,1,95,22500,613
4,405,1,95,22500,614
6,631,1,420,105660,615
6,631,1,420,105660,616
6,631,1,420,105660,617
6,631,1,420,105660,618
6,631,1,420,112440,619
6,673,1,456,91200,620
6,673,1,456,91200,621
6,673,1,456,91200,622
6,629,1,300,81000,623
6,673,1,456,91200,624
6,631,1,420,112440,625
6,631,1,420,112440,626
6,673,1,456,91200,627
6,631,1,420,112440,628
6,631,1,420,112440,629
6,673,1,456,91200,630
6,631,1,420,112440,631
6,629,1,300,77500,632
6,631,1,420,112440,633
6,631,1,420,112440,634
6,634,1,1074,229852,635
6,634,1,1074,279180,636
6,694,1,900,218358,637
6,614,1,984,244614,638
6,694,1,900,213159,639
6,694,1,900,215633,640
6,694,1,900,204199,641
6,627,1,2184,597376,642
6,614,1,984,220146,643
6,698,1,768,196685,644
6,694,1,900,218579,645
6,694,1,900,208319,646
6,694,1,900,204040,647
6,612,1,858,207600,648
6,614,1,1225,303800,649
6,614,1,1050,260400,650
6,619,1,858,193200,651
6,614,1,1050,260400,652
6,614,1,1050,260400,653
6,614,1,1050,260400,654
6,614,1,1050,260400,655
6,677,1,420,114552,656
6,677,1,350,95460,657
6,677,1,420,114552,658
6,677,1,420,114552,659
6,677,1,420,114552,660
6,622,2,0,377317,661
6,626,2,0,743355,662
7,730,2,0,820366,663
6,622,2,0,375089,664
7,730,2,0,820366,665
6,675,1,300,66708,666
6,655,1,1162,280000,667
6,655,1,1162,280000,668
6,631,1,490,123270,669
6,631,1,490,123270,670
6,631,1,490,131180,671
6,673,1,532,106400,672
6,673,1,532,106400,673
6,631,1,490,131180,674
6,673,1,532,106400,675
6,673,1,532,106400,676
6,614,1,1162,289418,677
6,698,1,896,235841,678
6,698,1,896,211673,679
6,614,1,1162,283069,680
6,698,1,896,226041,681
6,698,1,896,252096,682
6,634,1,1253,338785,683
6,634,1,1253,248921,684
6,698,1,896,217873,685
6,634,1,1253,325178,686
6,698,1,896,238540,687
6,698,1,896,247363,688
6,634,1,1253,322848,689
6,634,1,1253,342206,690
6,634,1,1253,324021,691
6,694,1,1050,245606,692
6,634,1,1253,286418,693
6,614,1,1162,294120,694
6,698,1,896,247173,695
6,694,1,1050,254324,696
6,619,1,995,225400,697
6,614,1,1225,303800,698
6,614,1,1225,303800,699
6,612,1,1001,242200,700
6,614,1,1225,303800,701
6,612,1,1001,242200,702
6,619,1,1001,225400,703
6,675,1,350,77826,704
6,675,1,350,77826,705
6,675,1,350,77826,706
7,740,2,0,910573,707
7,740,2,0,1190777,708
6,694,1,1200,308200,709
6,694,1,1200,308200,710
6,631,1,560,140880,711
6,631,1,560,149920,712
6,631,1,490,131180,713
6,631,1,560,149920,714
6,698,1,1024,263688,715
6,698,1,1024,282418,716
6,694,1,1200,284532,717
6,694,1,1200,286022,718
6,614,1,1328,320716,719
6,698,1,1024,278722,720
6,694,1,1200,272353,721
6,634,1,1420,374632,722
6,634,1,1432,347727,723
6,694,1,1200,286781,724
6,698,1,1024,287522,725
6,694,1,1200,284735,726
6,634,1,1432,374573,727
6,614,1,1400,347200,728
6,619,1,1138,257600,729
6,619,1,1144,257600,730
6,619,1,1144,257600,731
6,619,1,1144,257600,732
6,619,1,1144,257600,733
6,619,1,1144,257600,734
6,619,1,1144,257600,735
6,614,1,1400,347200,736
6,677,1,560,152736,737
6,698,1,1200,240000,738
6,698,1,1200,240000,739
7,740,2,0,1552063,740
6,675,1,400,88944,741
6,675,1,400,88944,742
6,675,1,400,88944,743
6,698,1,1404,909000,744
6,698,1,1404,909000,745
6,655,1,1494,360000,746
6,698,1,1404,909000,747
6,655,1,1494,360000,748
6,698,1,1404,909000,749
6,675,1,450,67500,750
6,675,1,450,90000,751
6,629,1,450,118000,752
6,673,1,684,136800,753
6,629,1,450,121500,754
6,631,1,630,168660,755
6,673,1,684,136800,756
6,631,1,630,168660,757
6,673,1,684,136800,758
6,694,1,1350,310348,759
6,694,1,1350,328654,760
6,614,1,1494,366721,761
6,694,1,1350,330697,762
6,694,1,1350,325299,763
6,694,1,1350,306134,764
6,694,1,1350,314071,765
6,619,1,1287,289800,766
6,614,1,1575,390600,767
6,614,1,1575,390600,768
6,614,1,1575,390600,769
6,619,1,1287,289800,770
6,698,1,1350,270000,771
6,622,2,0,746460,772
6,673,1,760,152000,773
6,629,1,500,135000,774
6,673,1,760,152000,775
6,673,1,760,152000,776
6,629,1,500,135000,777
6,694,1,1500,364649,778
6,694,1,1500,363084,779
6,694,1,1500,358429,780
6,614,1,1648,399617,781
6,698,1,1280,316431,782
6,694,1,1500,330439,783
6,694,1,1500,362195,784
6,634,1,1790,433068,785
6,634,1,1790,438317,786
6,698,1,1280,349081,787
6,612,1,1430,346000,788
6,619,1,1430,322000,789
6,614,1,1750,434000,790
6,612,1,1573,380600,791
6,619,1,1430,322000,792
6,612,1,1430,346000,793
6,619,1,1430,322000,794
6,677,1,700,190920,795
6,698,1,1500,300000,796
6,698,1,1500,300000,797
6,698,1,1500,300000,798
6,691,2,0,1057707,799
6,626,2,0,1253301,800
6,675,1,500,111180,801
6,675,1,500,111180,802
4,405,1,19,4500,803
4,405,1,19,4500,804
4,479,1,80,16000,805
4,479,1,72,14400,806
6,698,1,1452,378906,807
6,629,1,550,148500,808
6,614,1,1826,439369,809
6,694,1,1650,400501,810
6,694,1,1650,394420,811
6,614,1,1660,399135,812
6,634,1,1957,505928,813
6,634,1,1969,471648,814
6,614,1,1814,457245,815
6,614,1,1814,453758,816
6,614,1,1925,477400,817
6,619,1,1573,354200,818
6,614,1,1925,477400,819
6,619,1,1573,354200,820
6,698,1,1650,330000,821
6,698,1,1650,330000,822
6,675,1,550,122298,823
6,694,1,1950,486200,824
6,694,1,1950,486200,825
6,631,1,840,211320,826
6,631,1,840,211320,827
6,629,1,600,158500,828
6,694,1,1950,470394,829
6,698,1,1536,427827,830
6,614,1,1980,487206,831
6,694,1,1800,408503,832
6,614,1,1980,458261,833
6,634,1,2112,470478,834
6,694,1,1800,432929,835
6,619,1,1716,386400,836
6,622,2,0,761644,837
6,675,1,600,133416,838
6,698,1,2028,1313000,839
6,698,1,2028,1313000,840
6,698,1,1716,447798,841
6,631,1,909,241380,842
6,629,1,650,172000,843
6,694,1,1950,441252,844
6,614,1,2324,580110,845
6,614,1,2146,520827,846
6,614,1,2158,534595,847
6,614,1,2158,535027,848
6,694,1,1950,460703,849
6,634,1,2327,555504,850
6,698,1,1664,453556,851
6,694,1,1950,458537,852
6,698,1,1950,390000,853
6,694,1,2340,471600,854
6,698,1,1950,390000,855
6,694,1,2340,471600,856
6,698,1,1950,390000,857
6,698,1,1950,390000,858
6,698,1,1950,390000,859
6,698,1,1950,390000,860
6,622,2,0,821902,861
6,629,1,700,185500,862
6,694,1,2100,503832,863
6,614,1,2288,577161,864
6,614,1,2324,548961,865
6,614,1,2324,569672,866
6,698,1,1664,440142,867
6,614,1,2312,576876,868
6,614,1,2324,582620,869
6,614,1,2324,589824,870
6,619,1,2002,450800,871
6,614,1,2450,607600,872
6,699,1,3220,644000,873
6,699,1,3220,644000,874
6,673,1,1140,228000,875
6,629,1,750,199000,876
6,673,1,1140,228000,877
6,614,1,2490,537403,878
6,614,1,2490,609778,879
6,634,1,2673,668947,880
6,614,1,2490,578658,881
6,677,1,980,267288,882
6,694,1,2700,543600,883
6,694,1,2700,543600,884
7,732,2,0,2590926,885
6,675,1,750,166770,886
6,675,1,750,166770,887
6,675,1,750,166770,888
6,673,1,1140,271500,889
6,673,1,1140,271500,890
8,888,1,2880,785440,891
6,629,1,800,212500,892
6,614,1,2656,641859,893
6,694,1,2400,545897,894
6,698,1,2048,491612,895
6,614,1,2656,606415,896
6,614,1,2644,643870,897
6,677,1,1120,305472,898
6,694,1,2880,578400,899
6,694,1,2880,578400,900
6,698,1,2400,480000,901
6,698,1,2400,480000,902
6,698,1,2400,480000,903
6,698,1,2400,480000,904
6,622,2,0,1013557,905
6,622,2,0,1013764,906
6,622,2,0,1012365,907
7,732,2,0,2753758,908
6,622,2,0,1013557,909
6,675,1,800,177888,910
6,675,1,800,177888,911
4,458,1,128,32000,912
4,458,1,128,32000,913
6,622,1,3582,898280,914
6,622,1,3383,848520,915
6,631,1,1190,299370,916
6,673,1,1292,258400,917
6,631,1,1190,318580,918
6,673,1,1292,258400,919
6,631,1,1190,318580,920
6,673,1,1292,258400,921
6,698,1,2176,557128,922
6,634,1,3043,718383,923
6,634,1,3401,837542,924
6,634,1,3043,800721,925
6,694,1,2550,619723,926
6,698,1,2176,590285,927
6,614,1,2656,638180,928
6,634,1,3031,723450,929
6,634,1,3019,772241,930
6,619,1,2431,547400,931
6,698,1,2550,510000,932
6,694,1,3060,612000,933
6,698,1,2550,510000,934
6,694,1,3060,614400,935
6,675,1,850,189006,936
6,631,1,1260,337320,937
6,673,1,1368,273600,938
6,631,1,1260,336080,939
6,673,1,1368,273600,940
6,631,1,1260,334840,941
6,634,1,3222,773884,942
6,614,1,2988,738198,943
6,698,1,2304,632007,944
6,698,1,2304,614952,945
6,634,1,3222,769195,946
6,614,1,2988,737711,947
6,698,1,2304,644372,948
6,694,1,2700,654372,949
6,694,1,2700,646522,950
6,694,1,2700,586479,951
6,634,1,3222,806903,952
6,614,1,3150,781200,953
6,677,1,1190,324564,954
6,675,1,900,200124,955
6,675,1,900,200124,956
6,675,1,900,200124,957
6,691,2,0,1846385,958
6,691,2,0,1849732,959
6,691,2,0,1931611,960
6,691,2,0,1926720,961
6,691,2,0,1932711,962
6,631,1,1330,353580,963
6,631,1,1330,356060,964
6,673,1,1444,288800,965
6,698,1,2432,629688,966
6,698,1,2432,663289,967
6,698,1,2432,664139,968
6,698,1,2432,600835,969
6,634,1,3401,814602,970
6,614,1,3130,799521,971
6,698,1,2432,673686,972
6,634,1,3401,843265,973
8,889,1,4788,2143463,974
6,698,1,2432,622352,975
6,614,1,3142,793158,976
6,698,1,2432,646737,977
8,889,1,4788,2244789,978
6,694,1,2850,689028,979
6,677,1,1330,362748,980
6,677,1,1330,362748,981
6,677,1,1330,362748,982
6,677,1,1330,362748,983
6,677,1,1330,362748,984
6,698,1,2850,570000,985
6,622,2,0,1193619,986
6,622,2,0,1201649,987
6,691,2,0,2010808,988
6,631,1,1400,352200,989
6,631,1,1400,352200,990
6,631,1,1330,334590,991
6,631,1,1380,354800,992
6,673,1,1520,304000,993
6,673,1,1520,304000,994
6,629,1,1000,266500,995
6,631,1,1400,372320,996
6,673,1,1520,304000,997
6,673,1,1520,304000,998
6,631,1,1330,354820,999
6,694,1,3000,670867,1000
6,694,1,3000,682346,1001
6,694,1,3000,708842,1002
6,694,1,3000,719949,1003
6,698,1,2560,703814,1004
6,614,1,3308,833604,1005
6,698,1,2560,700428,1006
6,694,1,3000,722077,1007
6,694,1,3000,713797,1008
6,694,1,3000,708101,1009
6,694,1,3000,704610,1010
6,694,1,3000,686159,1011
6,614,1,3500,868000,1012
6,694,1,3600,721200,1013
6,694,1,3600,721200,1014
6,698,1,3000,600000,1015
8,888,1,3779,1030890,1016
6,631,1,1400,352200,1017
6,629,1,1050,283500,1018
6,673,1,1596,319200,1019
6,629,1,1050,276500,1020
6,631,1,1449,372540,1021
6,614,1,3320,810902,1022
6,694,1,3150,760416,1023
6,614,1,3474,869700,1024
6,698,1,2688,750536,1025
6,694,1,3150,761150,1026
6,698,1,2688,753016,1027
6,634,1,3735,839000,1028
6,634,1,3759,856207,1029
6,698,1,2560,706542,1030
6,698,1,2688,737222,1031
6,698,1,2688,722018,1032
6,698,1,2560,675319,1033
6,694,1,3150,720003,1034
6,694,1,3150,714355,1035
6,614,1,3486,830193,1036
6,612,1,3003,726600,1037
6,614,1,3675,911400,1038
6,614,1,3675,911400,1039
6,614,1,3675,911400,1040
6,677,1,1469,400932,1041
4,416,2,0,74800,1042
4,416,2,0,74800,1043
6,631,1,1470,369810,1044
6,631,1,1540,387420,1045
6,631,1,1540,387420,1046
6,631,1,1540,409800,1047
6,673,1,1672,334400,1048
6,629,1,1100,297000,1049
6,631,1,1540,411040,1050
6,673,1,1672,334400,1051
6,698,1,2816,759201,1052
6,694,1,3300,793919,1053
6,698,1,2816,775888,1054
6,698,1,2816,787877,1055
6,627,1,7913,2178105,1056
6,694,1,3300,772058,1057
6,694,1,3150,711169,1058
6,698,1,2816,706175,1059
6,694,1,3300,764309,1060
6,694,1,3300,784666,1061
6,698,1,2816,762468,1062
6,634,1,3938,1005021,1063
6,698,1,2816,641670,1064
6,612,1,3146,761200,1065
6,614,1,3850,954800,1066
6,614,1,3850,954800,1067
6,677,1,1540,420024,1068
6,694,1,3960,798000,1069
6,694,1,3960,798000,1070
4,416,2,0,77000,1071
6,622,2,0,1385637,1072
4,416,2,0,77000,1073
4,416,2,0,77000,1074
6,622,2,0,1387471,1075
6,691,2,0,2360599,1076
6,631,1,1610,405030,1077
6,631,1,1750,440250,1078
6,631,1,1610,405030,1079
6,629,1,1150,307000,1080
6,673,1,1748,349600,1081
6,673,1,1748,349600,1082
6,673,1,1748,349600,1083
6,629,1,1150,307000,1084
6,673,1,1748,349600,1085
6,673,1,1748,349600,1086
6,673,1,1748,349600,1087
6,673,1,1748,349600,1088
6,673,1,1748,349600,1089
6,629,1,1150,310500,1090
6,629,1,1150,303500,1091
6,631,1,1610,428540,1092
6,634,1,4117,1053224,1093
6,634,1,4117,969154,1094
6,698,1,2944,807479,1095
6,694,1,3450,748476,1096
6,698,1,2944,757346,1097
6,634,1,4117,999993,1098
6,614,1,3794,943700,1099
6,627,1,8277,2290381,1100
6,612,1,3289,795800,1101
6,614,1,4025,998200,1102
6,612,1,3146,761200,1103
6,614,1,4025,998200,1104
6,614,1,4025,998200,1105
6,614,1,4025,998200,1106
6,677,1,1609,439116,1107
6,677,1,1609,439116,1108
6,675,1,1150,255714,1109
6,675,1,1100,244596,1110
6,675,1,1150,230000,1111
6,675,1,1150,230000,1112
6,608,1,2640,717600,1113
6,608,1,2640,717600,1114
6,631,1,1750,440250,1115
6,631,1,1610,405030,1116
6,629,1,1200,324000,1117
6,629,1,1200,324000,1118
6,631,1,1680,447280,1119
6,629,1,1200,320500,1120
6,614,1,3972,971593,1121
6,634,1,4463,1200038,1122
6,694,1,3600,859025,1123
6,614,1,3936,1009889,1124
6,634,1,4117,938261,1125
6,694,1,3600,846278,1126
6,622,1,4056,999794,1127
6,622,1,4056,996961,1128
6,614,1,3972,948399,1129
6,634,1,4296,1014240,1130
6,694,1,3600,768301,1131
6,698,1,3072,654428,1132
6,622,1,4056,1158310,1133
6,622,1,4056,1156427,1134
6,698,1,3072,779974,1135
6,614,1,4200,1041600,1136
6,612,1,3432,830400,1137
6,612,1,3432,830400,1138
6,614,1,4200,1041600,1139
6,614,1,4200,1041600,1140
6,677,1,1680,458208,1141
6,677,1,1679,458208,1142
6,677,1,1679,458208,1143
6,677,1,1610,439116,1144
6,694,1,4320,868800,1145
6,694,1,4320,868800,1146
4,416,2,0,84000,1147
6,675,1,1200,240000,1148
4,479,1,192,38400,1149
6,631,1,1750,440250,1150
6,673,1,1900,380000,1151
6,631,1,1750,466020,1152
6,614,1,4138,1000021,1153
6,698,1,3200,792164,1154
6,614,1,4126,1018725,1155
6,614,1,4138,992355,1156
6,698,1,3200,876454,1157
6,698,1,3200,851692,1158
6,614,1,4102,955614,1159
6,614,1,4138,921417,1160
6,698,1,3200,890467,1161
6,614,1,4375,1085000,1162
6,614,1,4375,1085000,1163
6,677,1,1750,477300,1164
6,698,1,3750,750000,1165
6,698,1,3750,750000,1166
6,698,1,3750,750000,1167
6,698,1,3750,750000,1168
6,698,1,3750,750000,1169
4,416,2,0,88400,1170
6,631,1,1820,457860,1171
6,631,1,1820,457860,1172
6,631,1,1820,484760,1173
6,673,1,1976,395200,1174
6,631,1,1820,487240,1175
6,673,1,1976,395200,1176
6,631,1,1820,484760,1177
6,629,1,1300,344000,1178
6,673,1,1976,395200,1179
6,629,1,1300,351000,1180
6,673,1,1976,395200,1181
6,629,1,1300,344000,1182
6,698,1,3328,923286,1183
6,634,1,4654,1099589,1184
6,694,1,3900,916944,1185
6,614,1,4550,1128400,1186
6,612,1,3432,830400,1187
6,612,1,3861,934200,1188
6,612,1,3718,899600,1189
6,614,1,4550,1128400,1190
6,698,1,3900,780000,1191
6,694,1,4680,942000,1192
6,698,1,3900,780000,1193
6,694,1,4680,942000,1194
6,698,1,3900,780000,1195
4,416,2,0,91000,1196
6,612,1,3303,886237,1197
6,612,1,3303,886237,1198
6,675,1,1300,289068,1199
6,675,1,1300,289068,1200
6,675,1,1300,289068,1201
4,479,1,208,41600,1202
4,479,1,208,41600,1203
4,479,1,208,41600,1204
6,631,1,2030,510690,1205
6,631,1,1890,475470,1206
6,631,1,1820,457860,1207
6,631,1,1890,503500,1208
6,673,1,2052,410400,1209
6,629,1,1350,364500,1210
6,673,1,2052,410400,1211
6,673,1,2052,410400,1212
6,629,1,1350,364500,1213
6,634,1,4821,1115121,1214
6,634,1,4833,1181822,1215
6,614,1,4410,1107148,1216
6,698,1,3456,967461,1217
6,698,1,3456,912709,1218
6,614,1,4410,1049430,1219
6,612,1,3861,934200,1220
6,614,1,4725,1171800,1221
6,614,1,4725,1171800,1222
6,614,1,4725,1171800,1223
6,614,1,4725,1171800,1224
6,677,1,1890,515484,1225
6,677,1,1890,515484,1226
7,740,2,0,5177242,1227
6,614,1,3840,967900,1228
6,698,1,3584,1013500,1229
6,622,1,4754,1301100,1230
6,614,1,4480,1126200,1231
6,699,1,5068,1405600,1232
6,698,1,3584,1013500,1233
6,694,1,4640,1127491,1234
6,631,1,2030,510690,1235
6,631,1,1960,493080,1236
6,631,1,1960,524720,1237
6,673,1,2128,425600,1238
6,629,1,1400,378000,1239
6,629,1,1400,378000,1240
6,614,1,4576,1020305,1241
6,634,1,5012,1094514,1242
6,634,1,4833,1170629,1243
6,614,1,4900,1215200,1244
6,698,1,4200,840000,1245
6,698,1,4200,840000,1246
6,694,1,5040,1016400,1247
6,698,1,4200,840000,1248
6,698,1,4200,840000,1249
6,694,1,5040,1013600,1250
6,699,1,6384,1276800,1251
6,699,1,6384,1276800,1252
6,694,1,5040,1013600,1253
6,638,1,2015,525460,1254
6,675,1,1400,311304,1255
6,675,1,1400,280000,1256
6,614,1,4640,1166600,1257
6,699,1,5249,1455800,1258
6,622,1,4938,1351200,1259
6,631,1,1890,501885,1260
6,629,1,1450,388000,1261
6,631,1,2030,538270,1262
6,634,1,5191,1251431,1263
6,634,1,5191,1268046,1264
6,627,1,10556,2943917,1265
6,698,1,3712,1029335,1266
8,887,1,6351,2330529,1267
6,627,1,10556,2919836,1268
6,612,1,4147,1003400,1269
6,614,1,5250,1302000,1270
6,614,1,5075,1258600,1271
6,612,1,4147,1003400,1272
6,677,1,2030,553668,1273
6,694,1,5220,1044000,1274
6,694,1,5220,1045200,1275
6,694,1,5220,1053600,1276
6,698,1,4350,870000,1277
6,698,1,4350,870000,1278
6,698,1,4350,870000,1279
6,694,1,5220,1049800,1280
6,694,1,5220,1044000,1281
6,694,1,5220,1044000,1282
6,694,1,5220,1049800,1283
6,694,1,5220,1049800,1284
6,694,1,5220,1049800,1285
6,694,1,5220,1038200,1286
6,694,1,5220,1049800,1287
6,638,1,2173,565880,1288
6,638,1,2249,586090,1289
6,638,1,2249,586090,1290
6,614,1,5088,1279360,1291
6,614,1,5088,1279360,1292
6,675,1,1450,322422,1293
6,675,1,1400,311304,1294
6,699,1,5610,1551000,1295
6,699,1,5610,1551000,1296
6,694,1,4633,1127491,1297
6,694,1,4477,1088612,1298
6,694,1,4791,1166370,1299
6,631,1,2100,528300,1300
6,631,1,2100,528300,1301
6,629,1,1500,401500,1302
6,631,1,2100,562200,1303
6,629,1,1500,398000,1304
6,673,1,2280,456000,1305
6,631,1,2100,560960,1306
6,629,1,1500,401500,1307
6,629,1,1500,401500,1308
6,631,1,2100,562200,1309
6,629,1,1500,398000,1310
6,627,1,10920,2836187,1311
6,634,1,5370,1299030,1312
6,627,1,10920,3031887,1313
8,887,1,6570,2421885,1314
6,698,1,3840,979905,1315
6,634,1,5370,1256246,1316
6,634,1,5358,1222413,1317
6,612,1,4290,1038000,1318
6,614,1,5250,1302000,1319
6,612,1,4290,1038000,1320
6,612,1,4290,1038000,1321
6,677,1,2099,572760,1322
6,699,1,6900,1380000,1323
6,699,1,6900,1380000,1324
6,698,1,4500,900000,1325
6,694,1,5400,1082400,1326
6,698,1,4500,900000,1327
6,698,1,4500,900000,1328
6,694,1,5400,1083600,1329
6,698,1,4500,900000,1330
6,699,1,6900,1380000,1331
6,699,1,6900,1380000,1332
6,698,1,4500,900000,1333
6,698,1,4500,900000,1334
6,698,1,4500,900000,1335
6,699,1,6900,1380000,1336
6,694,1,5400,1094400,1337
6,699,1,6900,1380000,1338
6,694,1,5400,1087200,1339
6,694,1,5400,1110000,1340
6,694,1,5400,1092000,1341
6,699,1,6900,1380000,1342
6,694,1,5400,1081200,1343
6,698,1,4500,900000,1344
6,694,1,5400,1083600,1345
6,694,1,5400,1104000,1346
6,699,1,6900,1380000,1347
6,699,1,6900,1380000,1348
6,699,1,6900,1380000,1349
6,698,1,4500,900000,1350
6,698,1,4500,900000,1351
6,699,1,6900,1380000,1352
6,694,1,5400,1105200,1353
6,698,1,4500,900000,1354
6,699,1,6900,1380000,1355
6,694,1,5400,1087200,1356
6,694,1,5400,1110000,1357
6,694,1,5400,1092000,1358
6,699,1,6900,1380000,1359
6,694,1,5400,1084800,1360
6,698,1,4500,900000,1361
6,698,1,4500,900000,1362
6,694,1,5400,1084800,1363
6,699,1,6900,1380000,1364
6,699,1,6900,1380000,1365
6,699,1,6900,1380000,1366
6,699,1,6900,1380000,1367
6,698,1,4500,900000,1368
6,694,1,5400,1092000,1369
6,698,1,4350,870000,1370
6,694,1,5400,1074000,1371
6,698,1,4350,870000,1372
6,634,1,5373,1227201,1373
6,634,1,5195,1186121,1374
6,675,1,1500,333540,1375
6,675,1,1450,322422,1376
6,699,1,5797,1602700,1377
6,673,1,2356,471200,1378
6,673,1,2356,471200,1379
6,629,1,1550,415000,1380
6,673,1,2356,471200,1381
6,629,1,1550,415000,1382
6,673,1,2356,471200,1383
6,673,1,2356,471200,1384
6,698,1,3968,1102165,1385
6,694,1,4650,1088106,1386
6,614,1,5122,1221212,1387
6,694,1,4650,1115534,1388
6,694,1,4650,1081322,1389
6,634,1,5549,1394238,1390
6,612,1,4433,1072600,1391
6,698,1,4650,930000,1392
6,699,1,7130,1426000,1393
6,694,1,5580,1126800,1394
6,694,1,5580,1149600,1395
6,694,1,5580,1126800,1396
6,675,1,1550,344658,1397
6,675,1,1550,344658,1398
6,626,2,0,3920321,1399
6,699,1,6400,1388800,1400
6,699,1,6400,1388800,1401
6,694,1,5907,1440725,1402
6,694,1,5906,1440725,1403
6,631,1,2240,563520,1404
6,631,1,2240,597200,1405
6,694,1,4800,1139462,1406
6,634,1,5716,1309313,1407
6,698,1,4096,1136123,1408
6,614,1,5775,1432200,1409
6,614,1,5600,1388800,1410
6,614,1,5600,1388800,1411
6,612,1,4719,1141800,1412
6,614,1,5600,1388800,1413
6,612,1,4576,1107200,1414
6,677,1,2240,610944,1415
6,698,1,4800,960000,1416
6,698,1,4800,960000,1417
6,626,2,0,4053241,1418
6,629,1,1650,442000,1419
6,673,1,2508,501600,1420
6,634,1,5907,1475727,1421
6,698,1,4224,1105723,1422
6,614,1,5775,1432200,1423
6,614,1,5775,1432200,1424
6,612,1,4719,1141800,1425
6,677,1,2309,630036,1426
6,694,1,5940,1191600,1427
6,694,1,5940,1191600,1428
7,740,2,0,6340967,1429
6,675,1,1650,366894,1430
6,675,1,1650,366894,1431
6,614,1,5440,1363000,1432
6,629,1,1700,452000,1433
6,698,1,4224,1173503,1434
6,694,1,5100,1213420,1435
6,634,1,6086,1402794,1436
6,614,1,5775,1432200,1437
6,694,1,6120,1251600,1438
6,675,1,1700,378012,1439
8,888,1,6300,1718150,1440
6,629,1,1750,465500,1441
6,673,1,2660,532000,1442
6,694,1,5250,1263884,1443
6,698,1,4480,1228073,1444
6,694,1,5100,1216233,1445
6,698,1,4352,1148023,1446
6,634,1,6265,1499656,1447
6,698,1,4480,1032355,1448
6,614,1,6125,1519000,1449
6,614,1,6125,1519000,1450
6,612,1,5005,1211000,1451
6,612,1,5005,1211000,1452
6,614,1,6125,1519000,1453
6,614,1,6125,1519000,1454
6,694,1,6300,1294800,1455
6,626,2,0,4305903,1456
6,626,2,0,4308926,1457
6,675,1,1750,389130,1458
6,675,1,1800,400248,1459
6,675,1,1700,378012,1460
8,888,1,6480,1767240,1461
6,631,1,2520,633960,1462
6,629,1,1750,469000,1463
6,629,1,1800,486000,1464
6,629,1,1800,479000,1465
6,629,1,1800,475500,1466
6,614,1,5964,1464422,1467
6,694,1,5400,1263845,1468
6,614,1,6300,1562400,1469
6,677,1,2520,687312,1470
6,675,1,1800,400248,1471
6,691,2,0,3860657,1472
8,888,1,6660,1816330,1473
6,698,1,4752,1240056,1474
6,698,1,4619,1205610,1475
6,631,1,2590,651570,1476
6,629,1,1850,499500,1477
6,634,1,6623,1647839,1478
6,634,1,6432,1650380,1479
6,698,1,4608,1282143,1480
6,694,1,5550,1274427,1481
6,698,1,4736,1300637,1482
6,614,1,6094,1496393,1483
6,694,1,5700,1344205,1484
6,612,1,5291,1280200,1485
6,612,1,5291,1280200,1486
6,612,1,5291,1280200,1487
6,612,1,5291,1280200,1488
6,614,1,6475,1605800,1489
6,675,1,1850,411366,1490
6,629,1,1900,506000,1491
6,629,1,1900,506000,1492
6,698,1,4864,1342729,1493
6,612,1,5291,1280200,1494
6,612,1,5434,1314800,1495
6,612,1,4216,1185240,1496
6,675,1,1950,433602,1497
6,612,1,5577,1349400,1498
6,612,1,4340,1220100,1499
6,612,1,5577,1349400,1500
6,698,1,4992,1257230,1501
6,698,1,4992,1378403,1502
6,694,1,6000,1428551,1503
6,673,1,3040,608000,1504
4,405,1,760,180000,1505
6,698,1,4992,1382661,1506
6,673,1,3040,608000,1507
6,629,1,2000,529500,1508
6,698,1,4992,1371985,1509
6,698,1,5248,1380308,1510
6,698,1,5248,1443020,1511
6,694,1,6150,1464197,1512
6,694,1,6300,1501396,1513
6,698,1,5248,1322189,1514
6,698,1,5248,1452029,1515
6,614,1,7175,1779400,1516
6,614,1,7175,1779400,1517
4,405,1,760,180000,1518
6,698,1,5016,1308948,1519
6,673,1,3192,638400,1520
6,673,1,3192,638400,1521
6,673,1,3192,638400,1522
6,629,1,2100,556500,1523
6,673,1,3192,638400,1524
6,698,1,5376,1450992,1525
6,634,1,7518,1804225,1526
6,612,1,5863,1418600,1527
6,614,1,7350,1822800,1528
6,608,1,4729,1285700,1529
6,698,1,5148,1343394,1530
6,673,1,3268,653600,1531
6,694,1,6450,1394121,1532
6,694,1,6450,1498183,1533
6,608,1,4728,1285700,1534
6,631,1,3010,757230,1535
6,614,1,7280,1812400,1536
6,634,1,7876,1851767,1537
6,634,1,7876,1931438,1538
6,698,1,5632,1423502,1539
6,614,1,7700,1909600,1540
6,614,1,7700,1909600,1541
6,631,1,3290,827670,1542
6,629,1,2250,600500,1543
6,694,1,6750,1598251,1544
6,699,1,10350,2070000,1545
6,699,1,10350,2070000,1546
6,673,1,3496,699200,1547
6,673,1,3496,699200,1548
6,673,1,3496,699200,1549
6,634,1,8234,1865886,1550
6,634,1,8389,2154661,1551
6,614,1,7612,1805350,1552
6,698,1,5888,1631725,1553
6,675,1,2300,511428,1554
4,405,1,874,207000,1555
6,694,1,7360,1788434,1556
6,629,1,2300,617500,1557
6,673,1,3572,714400,1558
6,694,1,7050,1642081,1559
6,698,1,5888,1604832,1560
6,634,1,8401,1959851,1561
6,622,1,7943,2267265,1562
6,694,1,7050,1677356,1563
6,614,1,8225,2039800,1564
6,614,1,8225,2039800,1565
6,677,1,3289,897324,1566
4,405,1,855,202500,1567
6,614,1,7680,1956960,1568
6,656,1,7427,1795190,1569
6,614,1,7679,1956860,1570
6,629,1,2400,641000,1571
6,614,1,7944,1887524,1572
6,622,1,8112,2261341,1573
6,612,1,6864,1660800,1574
6,656,1,7583,1833360,1575
6,694,1,7499,1827313,1576
6,631,1,3430,862890,1577
6,631,1,3430,862890,1578
6,631,1,3430,862890,1579
6,629,1,2450,658000,1580
6,629,1,2350,631000,1581
6,673,1,3724,744800,1582
6,614,1,8098,1975044,1583
6,634,1,8759,2182461,1584
6,612,1,6864,1660800,1585
6,675,1,2450,490000,1586
6,675,1,2500,548134,1587
6,629,1,2500,671500,1588
6,629,1,2500,671500,1589
6,631,1,3500,931665,1590
6,614,1,8288,2044645,1591
6,614,1,8750,2170000,1592
6,675,1,2550,560826,1593
6,631,1,3570,949310,1594
6,629,1,2500,664500,1595
6,673,1,3876,775200,1596
6,612,1,7293,1764600,1597
4,461,1,1410,305500,1598
4,461,1,1380,299000,1599
6,629,1,2550,681500,1600
6,629,1,2600,695000,1601
6,629,1,2600,698500,1602
6,629,1,2600,691500,1603
6,629,1,2550,681500,1604
6,614,1,8620,2168304,1605
6,614,1,8620,2147744,1606
6,614,1,9100,2256800,1607
6,612,1,7436,1799200,1608
6,675,1,2600,578136,1609
6,675,1,2600,578136,1610
4,479,1,392,78400,1611
4,479,1,408,81600,1612
4,458,1,416,104000,1613
4,479,1,408,81600,1614
4,479,1,392,78400,1615
4,479,1,416,83200,1616
4,458,1,416,104000,1617
4,479,1,416,83200,1618
4,458,1,408,102000,1619
6,631,1,3570,898110,1620
6,629,1,2650,712000,1621
6,629,1,2600,702000,1622
6,614,1,8774,1942938,1623
6,677,1,3710,1011876,1624
6,675,1,2650,589254,1625
6,675,1,2600,578136,1626
6,629,1,2700,729000,1627
6,673,1,4104,820800,1628
6,634,1,9666,2245544,1629
6,634,1,9654,2361377,1630
6,612,1,7722,1868400,1631
6,612,1,7722,1868400,1632
6,612,1,7436,1799200,1633
6,698,1,8100,1620000,1634
6,698,1,8100,1620000,1635
4,458,1,424,106000,1636
6,622,1,10429,2736800,1637
6,631,1,3850,968550,1638
6,631,1,3850,968550,1639
6,629,1,2750,742500,1640
6,629,1,2700,729000,1641
6,694,1,8100,1960481,1642
6,614,1,8986,2281919,1643
6,694,1,8100,1933391,1644
6,612,1,7722,1868400,1645
6,622,1,10598,2786560,1646
6,629,1,2800,756000,1647
6,629,1,2800,749000,1648
6,629,1,2800,756000,1649
6,629,1,2800,749000,1650
6,629,1,2800,749000,1651
6,629,1,2750,742500,1652
6,629,1,2800,749000,1653
6,629,1,2800,745500,1654
6,614,1,9284,2281158,1655
6,614,1,9284,2256624,1656
6,614,1,9200,2266106,1657
6,634,1,10203,2304809,1658
6,612,1,8294,2006800,1659
6,612,1,8008,1937600,1660
6,614,1,9625,2387000,1661
6,612,1,7865,1903000,1662
6,694,1,10080,2053200,1663
6,694,1,10080,2053200,1664
6,675,1,2800,622608,1665
6,675,1,2750,611490,1666
6,675,1,2800,622608,1667
4,479,1,448,89600,1668
4,479,1,448,89600,1669
6,629,1,2850,759000,1670
6,634,1,10191,2537143,1671
6,612,1,8151,1972200,1672
6,612,1,8008,1937600,1673
6,698,1,8550,1710000,1674
6,694,1,10260,2063400,1675
6,675,1,2850,633726,1676
6,675,1,2850,633726,1677
6,694,1,8550,2131800,1678
6,694,1,8550,2131800,1679
6,608,1,6268,1704300,1680
6,608,1,6267,1704300,1681
6,631,1,4060,1021380,1682
6,673,1,4332,866400,1683
6,638,1,4408,1082880,1684
6,631,1,4052,1076555,1685
6,638,1,4408,1082880,1686
6,698,1,7424,2067995,1687
6,614,1,9604,2172192,1688
6,614,1,10150,2517200,1689
6,612,1,8294,2006800,1690
6,698,1,8700,1740000,1691
6,675,1,2950,655962,1692
6,675,1,2900,644844,1693
6,614,1,9440,2380000,1694
6,614,1,8960,2257900,1695
6,629,1,2900,772500,1696
6,629,1,2950,786000,1697
6,698,1,7552,2073162,1698
6,698,1,7552,2041922,1699
6,634,1,10740,2648637,1700
6,694,1,10620,2145600,1701
6,699,1,13570,2714000,1702
6,699,1,13570,2714000,1703
6,699,1,13570,2714000,1704
6,694,1,10620,2138400,1705
6,694,1,10620,2135800,1706
6,694,1,10620,2124000,1707
6,675,1,2950,655962,1708
6,675,1,2950,655962,1709
6,614,1,9600,2420400,1710
6,614,1,9600,2420500,1711
6,614,1,9600,2421900,1712
6,631,1,4121,1094295,1713
6,629,1,2950,789500,1714
6,629,1,3000,799500,1715
6,629,1,3000,799500,1716
6,631,1,4130,1093740,1717
6,629,1,2950,789500,1718
6,631,1,4200,1115305,1719
6,631,1,4130,1093740,1720
6,631,1,4200,1116305,1721
6,634,1,10561,2571316,1722
6,634,1,10919,2557601,1723
6,694,1,10800,2196000,1724
6,694,1,10800,2179200,1725
6,694,1,10800,2179200,1726
6,694,1,10800,2187600,1727
6,694,1,10800,2202000,1728
6,699,1,13800,2760000,1729
6,694,1,10800,2168400,1730
6,694,1,10800,2184000,1731
6,675,1,3000,667080,1732
6,675,1,3000,667080,1733
6,699,1,11407,3153700,1734
6,612,1,8723,2110600,1735
6,612,1,8723,2110600,1736
6,612,1,8723,2110600,1737
6,631,1,4340,1091820,1738
6,612,1,8866,2145200,1739
6,631,1,4270,1074210,1740
6,629,1,3100,826500,1741
6,631,1,4340,1091820,1742
6,614,1,11025,2734200,1743
6,675,1,3150,700434,1744
6,634,1,11635,2676111,1745
6,675,1,3200,711552,1746
6,614,1,10706,2562393,1747
6,629,1,3250,870500,1748
6,629,1,3250,870500,1749
6,634,1,11623,2798345,1750
6,698,1,8448,2284539,1751
6,614,1,10896,2564434,1752
6,614,1,11550,2864400,1753
6,629,1,3350,887000,1754
6,629,1,3400,914500,1755
6,629,1,3450,928000,1756
6,694,1,10350,2422024,1757
6,698,1,8960,2479722,1758
6,694,1,10500,2509842,1759
6,612,1,9867,2387400,1760
6,614,1,12250,3038000,1761
6,612,1,10153,2456600,1762
6,614,1,11940,2842252,1763
6,675,1,3600,800496,1764
6,675,1,3600,800496,1765
6,612,1,10582,2560400,1766
6,614,1,12775,3168200,1767
6,675,1,3700,822732,1768
6,614,1,12950,3211600,1769
6,612,1,10582,2560400,1770
6,677,1,5180,1412808,1771
6,612,1,10582,2560400,1772
6,675,1,3750,833850,1773
6,612,1,11011,2664200,1774
6,614,1,13475,3341800,1775
6,612,1,10868,2629600,1776
6,614,1,13300,3298400,1777
6,629,1,3850,1022000,1778
6,614,1,12770,3066530,1779
4,479,1,624,124800,1780
4,405,1,1463,346500,1781
4,405,1,1444,342000,1782
4,479,1,624,124800,1783
6,612,1,11440,2768000,1784
6,612,1,11297,2733400,1785
6,612,1,11297,2733400,1786
8,888,1,14122,3748820,1787
6,614,1,12946,3212346,1788
6,694,1,11850,2690307,1789
8,888,1,14122,3748820,1790
6,694,1,11850,2866677,1791
6,634,1,14296,3444138,1792
6,694,1,14400,2924400,1793
6,614,1,13434,3092485,1794
6,634,1,14487,3585830,1795
6,655,1,10500,2732600,1796
6,629,1,4050,1076000,1797
6,634,1,14487,3322893,1798
6,694,1,14580,2960400,1799
6,612,1,11297,2733400,1800
6,655,1,10640,2769800,1801
6,612,1,11726,2837200,1802
6,634,1,14654,3358421,1803
6,634,1,14666,3619205,1804
6,634,1,14821,3653599,1805
6,612,1,11869,2871800,1806
6,612,1,11869,2871800,1807
6,612,1,11726,2837200,1808
6,612,1,11726,2837200,1809
6,612,1,11297,2733400,1810
6,612,1,12155,2941000,1811
6,612,1,12012,2906400,1812
6,614,1,14350,3558800,1813
6,612,1,12155,2941000,1814
6,614,1,14875,3689000,1815
6,673,1,6460,1292000,1816
6,634,1,15036,3429562,1817
6,629,1,4300,1119000,1818
6,612,1,12155,2941000,1819
6,629,1,4300,1119000,1820
6,612,1,12298,2975600,1821
6,694,1,12441,3123876,1822
6,694,1,12441,3123876,1823
6,614,1,15050,3732400,1824
6,612,1,12298,2975600,1825
6,629,1,4450,1191000,1826
6,612,1,12584,3044800,1827
6,698,1,11264,3192000,1828
6,629,1,4450,1191000,1829
6,614,1,15400,3819200,1830
6,673,1,6688,1736240,1831
6,638,1,6641,1738060,1832
6,673,1,6688,1736240,1833
6,698,1,11264,3191700,1834
6,638,1,6656,1738060,1835
6,612,1,13013,3148600,1836
6,673,1,6840,1368000,1837
6,694,1,13950,3168402,1838
6,614,1,14720,3711200,1839
6,614,1,14720,3702300,1840
6,612,1,13585,3287000,1841
6,614,1,16800,4166400,1842
6,612,1,14014,3390800,1843
6,612,1,13871,3356200,1844
6,612,1,14157,3425400,1845
6,673,1,7600,1520000,1846
6,634,1,18079,4505434,1847
6,673,1,7676,1535200,1848
6,629,1,5000,1332500,1849
6,614,1,16740,4047677,1850
6,612,1,14443,3494600,1851
6,612,1,14586,3529200,1852
6,694,1,15600,3748875,1853
6,612,1,15015,3633000,1854
6,612,1,15158,3667600,1855
6,612,1,15444,3736800,1856
6,673,1,8208,1641600,1857
6,612,1,15587,3771400,1858
6,631,1,7840,1972320,1859
6,631,1,7910,1989930,1860
6,612,1,16159,3909800,1861
6,612,1,16302,3944400,1862
6,614,1,18992,4840470,1863
6,612,1,17160,4152000,1864
6,655,1,16380,4234700,1865
6,655,1,16520,4276300,1866
6,614,1,21175,5251400,1867
6,612,1,17732,4290400,1868
6,614,1,22400,5555200,1869
6,629,1,6350,1697000,1870
6,694,1,19350,4454689,1871
6,612,1,18590,4498000,1872
6,612,1,18733,4532600,1873
6,612,1,18876,4567200,1874
6,629,1,6750,1801500,1875
6,614,1,22682,5570046,1876
6,673,1,10488,2097600,1877
6,673,1,10488,2097600,1878
6,612,1,20163,4878600,1879
6,612,1,20306,4913200,1880
6,656,1,22448,5426740,1881
6,612,1,20735,5017000,1882
6,612,1,20449,4947800,1883
6,656,1,22923,5541250,1884
6,614,1,24164,5946599,1885
6,656,1,23558,5692430,1886
6,656,1,24026,5806640,1887
6,614,1,26250,6510000,1888
6,612,1,21593,5224600,1889
6,612,1,22594,5466800,1890
6,612,1,22737,5501400,1891
6,694,1,24600,5802202,1892
6,612,1,24310,5882000,1893
6,612,1,24739,5985800,1894
6,631,1,11970,3199580,1895
6,631,1,12180,3255800,1896
6,612,1,25740,6228000,1897
6,699,1,33660,9306000,1898
6,699,1,33286,9202600,1899
6,612,1,27027,6539400,1900
6,612,1,30030,7266000,1901
6,612,1,30459,7369800,1902
6,612,1,30888,7473600,1903
6,614,1,35808,8854271,1904
6,699,1,41399,11456600,1905
6,614,1,37646,9259504,1906
6,612,1,36465,8823000,1907
6,699,1,46828,12957400,1908